{"cameraMode":{"drawMode":0,"name":"Shaded","section":"Shading Mode"},"sceneLighting":true,"audioPlay":false,"sceneViewState":{"m_AlwaysRefresh":false,"showFog":true,"showSkybox":true,"showFlares":true,"showImageEffects":true,"showParticleSystems":true,"showVisualEffectGraphs":true,"m_FxEnabled":true},"in2DMode":false,"pivot":{"x":141.4618377685547,"y":49.31673049926758,"z":514.7220458984375},"rotation":{"x":0.002690498251467943,"y":-0.0039034478832036258,"z":-0.000010303726412530523,"w":-0.9999964237213135},"size":75.37104034423828,"orthographic":false}